gene,feature_name,included_in_bulk_13gene_score,notes
CDKAL1,CDKAL1_EXP,yes,Locked 13-gene signature member
CIR1,CIR1_EXP,yes,Locked 13-gene signature member
COQ8A,COQ8A_EXP,yes,Locked 13-gene signature member
USP15,USP15_EXP,yes,Locked 13-gene signature member
VPS50,VPS50_EXP,yes,Locked 13-gene signature member
PRODH,PRODH_EXP,yes,Locked 13-gene signature member
KRT17,KRT17_EXP,yes,Locked 13-gene signature member
MAP2K3,MAP2K3_EXP,yes,Locked 13-gene signature member
P4HA2,P4HA2_EXP,yes,Locked 13-gene signature member
MINDY1,MINDY1_EXP,yes,Locked 13-gene signature member
TMEM164,TMEM164_EXP,yes,Locked 13-gene signature member
TENT5C,TENT5C_EXP,yes,Locked 13-gene signature member
FCMR,FCMR_EXP,yes,Locked 13-gene signature member
