feature,spearman_rho_stage,spearman_p_stage,abs_spearman_rho_stage,kruskal_h_stage,kruskal_p_stage,mean_stage_I,mean_stage_II,mean_stage_III,mean_stage_IV,spearman_fdr_stage,kruskal_fdr_stage,rank_abs_spearman_stage,top_1pct,top_5pct,top_10pct
COQ8A_EXP,-0.32318153891977686,3.1506679242269613e-08,0.32318153891977686,39.653387247953134,1.2618906523441991e-08,508.42239159042543,402.8222968796297,-0.0261666666666667,-0.14576000000000003,5.498359776328651e-07,7.906593363732268e-07,2115,False,False,True
VPS50_EXP,-0.3077549509021446,1.482067008202848e-07,0.3077549509021446,36.186000715402365,6.840058417955851e-08,284.98716903417557,262.2141009407407,-0.04708484848484847,-0.4737,9.197727212115372e-07,7.906593363732268e-07,5967,False,False,False
FCMR_EXP,-0.2849596000919135,1.2481496789494646e-06,0.2849596000919135,30.65603736045255,1.004280164095177e-06,148.11252841223404,123.73834182407407,0.13493333333333332,-0.7259399999999999,3.419354306777496e-06,2.113328495686682e-06,13526,False,False,False
KRT17_EXP,0.26593007176582945,6.438569885458078e-06,0.26593007176582945,23.875262654979906,2.6523528550754467e-05,1.314309574468085,2.7699037037037035,3.6957151515151514,4.933539999999999,1.322952240798764e-05,3.519028072785301e-05,18034,False,False,False
CDKAL1_EXP,-0.23311295909300075,8.227987956607899e-05,0.23311295909300075,24.65971100746674,1.818833641868375e-05,19.697471082978726,17.411922957870367,3.204309090909091,5.613180000000001,0.00011981298138566655,2.5151843782442392e-05,25447,False,False,False
MAP2K3_EXP,0.22380896686827775,0.0001591749276082753,0.22380896686827775,16.236302867065724,0.0010142427526638569,1.5223468085106384,3.1934277777777775,4.289309090909091,6.11252,0.0002159336241085353,0.0011235169411963535,27315,False,False,False
PRODH_EXP,0.22137355335468697,0.00018834892163375965,0.22137355335468697,14.49914491048768,0.002298772334736787,1.662995744680851,3.283596296296297,4.6388606060606055,6.804640000000001,0.00025155052409944,0.0025079792975995657,27745,False,False,False
P4HA2_EXP,-0.2181286577414254,0.00023502453350772088,0.2181286577414254,23.489957643040043,3.1917760026252335e-05,338.1834047872341,245.98057037037034,4.392624242424243,6.932339999999999,0.00030791762150863053,4.1581851343837855e-05,28283,False,False,False
CIR1_EXP,-0.20505951671560035,0.0005549755114252209,0.20505951671560035,24.94670414842983,1.584178908030003e-05,188.75789361702127,157.62243333333333,3.839918181818182,5.87946,0.0006802943390737888,2.228954641443338e-05,30229,False,False,False
USP15_EXP,0.1640877151752749,0.005921300386244967,0.1640877151752749,10.181716106121208,0.01708298964545461,1.448141489361702,2.989098148148148,3.7002757575757577,5.763399999999999,0.006509056507529361,0.018255520729987616,33709,False,False,False
TMEM164_EXP,0.07635247376571799,0.20274636692489545,0.07635247376571799,2.3788933761338407,0.4975757070522008,1.509879255319149,2.994972222222222,3.5189090909090908,4.9666,0.21207527526893438,0.5123566894019702,35425,False,False,False
TENT5C_EXP,-0.05579922406992785,0.35224285882411943,0.05579922406992785,4.007637454323295,0.26064060299023273,0.03699468085106383,-0.003659259259259263,0.0663666666666667,-0.24370000000000003,0.36535644880973395,0.2707380243826724,35725,False,False,False
MINDY1_EXP,0.029706490262023825,0.6206211437596156,0.029706490262023825,0.3565837412921159,0.9490577466834776,0.004002659574468086,0.02940555555555555,-0.1284666666666667,-0.09836,0.6371274825325546,0.9661621144360083,36095,False,False,False
