,Importance
PCDHB1_EXP,0.0614679
IRAG2_EXP,0.057487883
USP15_EXP,0.032796986
PITPNC1_EXP,0.02403875
KRT17_EXP,0.020647138
KLF10_EXP,0.020078817
IFI30_EXP,0.019255526
FARP1_EXP,0.016367832
APP_EXP,0.015509737
IGFBP2_EXP,0.014291131
AKR1B10_EXP,0.01404732
NR4A2_EXP,0.01380157
COL2A1_EXP,0.013295115
SLC26A2_EXP,0.013119071
KRT8_EXP,0.012398614
CLDN7_EXP,0.012347213
HES1_EXP,0.011623733
SLC3A2_EXP,0.010986505
TSPYL2_EXP,0.01095371
SCARB1_EXP,0.010953604
KDM4B_EXP,0.010793655
TENM2_EXP,0.010591596
DDB2_EXP,0.010484677
FGF22_EXP,0.010230968
PTPRE_EXP,0.009850247
SLC1A1_EXP,0.009768677
PGLS_EXP,0.009568934
CBFA2T3_EXP,0.009544929
AEN_EXP,0.009471152
KLK8_EXP,0.009325075
LMO2_EXP,0.009275595
SEMA3B_EXP,0.009227056
CHPT1_EXP,0.009090976
TNRC6B_EXP,0.009019977
MINDY1_EXP,0.008689428
FKBP4_EXP,0.008547094
ABLIM1_EXP,0.008543327
ALAS2_EXP,0.008388572
BTG2_EXP,0.008313266
UGT2B17_EXP,0.008286448
ADRA2C_EXP,0.00825362
PMM1_EXP,0.008205139
MDM2_EXP,0.008083327
DHCR7_EXP,0.007895655
PAX3_EXP,0.007820388
YPEL1_EXP,0.0077675674
NARF_EXP,0.007675823
CD44_EXP,0.007672465
NINJ1_EXP,0.007598072
CDKN2AIP_EXP,0.0074007157
TFF3_EXP,0.007336317
RASGRP1_EXP,0.007323984
TFF1_EXP,0.007089881
MYOT_EXP,0.0070079146
MAP2K3_EXP,0.0068860543
GREB1_EXP,0.006860173
TMEM164_EXP,0.006839118
RET_EXP,0.0067595337
CIR1_EXP,0.006758379
UCP2_EXP,0.0067274235
EDN2_EXP,0.006710018
PTGFR_EXP,0.006696958
TM4SF1_EXP,0.0065308833
DEPTOR_EXP,0.0063284906
TPRKB_EXP,0.006298335
ANXA9_EXP,0.0061119595
SLC6A3_EXP,0.0060306815
GYPE_EXP,0.0059807063
PRODH_EXP,0.0059233764
NDRG1_EXP,0.0058934144
ALAD_EXP,0.0058342046
KRT4_EXP,0.0057827695
MFHAS1_EXP,0.0057526017
RAP1GAP_EXP,0.0057433806
CDKAL1_EXP,0.005640056
TENT5C_EXP,0.0055304165
TGIF2_EXP,0.0054851575
TCL1A_EXP,0.005422423
ELOVL2_EXP,0.005377034
SLC66A2_EXP,0.0053756437
TFCP2L1_EXP,0.005297852
AQP3_EXP,0.004778572
KCNK5_EXP,0.004468376
SOX3_EXP,0.004317296
IL12B_EXP,0.004124543
TFF2_EXP,0.003747822
ARHGEF12_EXP,0.0035768212
CASP1_EXP,0.0034186377
ABCB6_EXP,0.0033600973
FCMR_EXP,0.003051205
ERMAP_EXP,0.0029425807
MPP1_EXP,0.002932651
IGFBP4_EXP,0.0028802233
CALML5_EXP,0.0028699466
ENDOD1_EXP,0.0028265358
MARK3_EXP,0.0027557262
PPP2R5B_EXP,0.002733457
ST14_EXP,0.00272249
ATG4A_EXP,0.002704123
TFAP2C_EXP,0.0027014234
GFRA1_EXP,0.0026995018
KRT1_EXP,0.0026933518
SLC7A5_EXP,0.0026775403
TMEM9B_EXP,0.0026735389
CPB1_EXP,0.0026636585
ADA_EXP,0.0026541073
CDH16_EXP,0.0026537238
ACP5_EXP,0.0026508176
RARA_EXP,0.002649717
RYR1_EXP,0.0026458213
LFNG_EXP,0.0026100287
STC2_EXP,0.0025872018
FECH_EXP,0.0025389479
ABHD2_EXP,0.0024848252
TYR_EXP,0.00248004
PIDD1_EXP,0.0023981088
FHL2_EXP,0.0022637201
PDZK1_EXP,0.0021793733
age,0.002159389
CELSR2_EXP,0.0018851451
VPS50_EXP,0.0013519631
MLPH_EXP,0.0010476642
P4HA2_EXP,0.0007323204
MYBBP1A_EXP,0.0007305306
ADCY1_EXP,0.0007091085
TLX1_EXP,0.0006991751
GDNF_EXP,0.0006974056
CPEB3_EXP,0.0006958605
TIAM1_EXP,0.0006911227
ATP4A_EXP,0.00068625336
THSD4_EXP,0.00068364124
SYNJ1_EXP,0.0006774954
FBXO9_EXP,0.0006618149
INPP5F_EXP,0.0006481175
RPS6KA2_EXP,0.00063798914
TCHH_EXP,0.000631766
CACNA1F_EXP,0.0006292833
SLC5A5_EXP,0.00062732096
SDC1_EXP,0.0006213009
PTPN14_EXP,0.00061524095
LIF_EXP,0.00060795055
CLDN16_EXP,0.0006044881
BTG1_EXP,0.00058980257
FLNB_EXP,0.00058939017
UNC119_EXP,0.0005832889
SERPINA10_EXP,0.0005824948
MKRN1_EXP,0.00054995564
BACH1_EXP,0.000535474
ACSL6_EXP,0.00052353425
COQ8A_EXP,0.0005211644
HTR1B_EXP,0.00051201636
DMTN_EXP,0.0004637819
TRAFD1_EXP,0.0004552952
TCF7L1_EXP,0.00043985192
VEZF1_EXP,0.0004151785
PROCR_EXP,0.00020217974
